﻿<?xml version="1.0" encoding="utf-8"?>
<Package xmlns="http://schemas.microsoft.com/appx/manifest/foundation/windows10" xmlns:mp="http://schemas.microsoft.com/appx/2014/phone/manifest" xmlns:uap="http://schemas.microsoft.com/appx/manifest/uap/windows10" IgnorableNamespaces="uap mp build" xmlns:build="http://schemas.microsoft.com/developer/appx/2015/build">
  <!--
  此包清单文件由生成过程生成。

  如果重新生成此文件，将丢失对其所做的更改。若要更正此文件中的错误，请编辑源 .appxmanifest 文件。

  有关程序包清单文件的详细信息，请参阅 http://go.microsoft.com/fwlink/?LinkID=241727
 -->
  <Identity Name="6fba7a43-0441-443d-a864-e7918b343fc0" Publisher="CN=LOL ME" Version="1.0.0.0" ProcessorArchitecture="x64" />
  <mp:PhoneIdentity PhoneProductId="6fba7a43-0441-443d-a864-e7918b343fc0" PhonePublisherId="00000000-0000-0000-0000-000000000000" />
  <Properties>
    <DisplayName>NegativeScreen</DisplayName>
    <PublisherDisplayName>LOL ME</PublisherDisplayName>
    <Logo>Assets\StoreLogo.png</Logo>
  </Properties>
  <Dependencies>
    <TargetDeviceFamily Name="Windows.Universal" MinVersion="10.0.18362.0" MaxVersionTested="10.0.19041.0" />
    <PackageDependency Name="Microsoft.UI.Xaml.2.7" MinVersion="7.2109.13004.0" Publisher="CN=Microsoft Corporation, O=Microsoft Corporation, L=Redmond, S=Washington, C=US" />
    <PackageDependency Name="Microsoft.NET.CoreRuntime.2.2" MinVersion="2.2.29713.2" Publisher="CN=Microsoft Corporation, O=Microsoft Corporation, L=Redmond, S=Washington, C=US" />
    <PackageDependency Name="Microsoft.NET.CoreFramework.Debug.2.2" MinVersion="2.2.29301.2" Publisher="CN=Microsoft Corporation, O=Microsoft Corporation, L=Redmond, S=Washington, C=US" />
    <PackageDependency Name="Microsoft.VCLibs.140.00.Debug" MinVersion="14.0.30035.0" Publisher="CN=Microsoft Corporation, O=Microsoft Corporation, L=Redmond, S=Washington, C=US" />
  </Dependencies>
  <Resources>
    <Resource Language="ZH-CN" />
  </Resources>
  <Applications>
    <Application Id="App" Executable="NegativeScreen.exe" EntryPoint="NegativeScreen.App">
      <uap:VisualElements DisplayName="NegativeScreen" Square150x150Logo="Assets\Square150x150Logo.png" Square44x44Logo="Assets\Square44x44Logo.png" Description="NegativeScreen" BackgroundColor="transparent">
        <uap:DefaultTile Wide310x150Logo="Assets\Wide310x150Logo.png" />
        <uap:SplashScreen Image="Assets\SplashScreen.png" />
      </uap:VisualElements>
    </Application>
  </Applications>
  <Capabilities>
    <Capability Name="internetClient" />
    <uap:Capability Name="picturesLibrary" />
    <uap:Capability Name="musicLibrary" />
  </Capabilities>
  <Extensions>
    <Extension Category="windows.activatableClass.inProcessServer">
      <InProcessServer>
        <Path>NegativeScreen.exe</Path>
        <ActivatableClass ActivatableClassId="Microsoft.UI.Xaml.Markup.ReflectionXamlMetadataProvider" ThreadingModel="both" />
      </InProcessServer>
    </Extension>
  </Extensions>
  <build:Metadata>
    <build:Item Name="TargetFrameworkMoniker" Value=".NETCore,Version=v5.0" />
    <build:Item Name="VisualStudio" Version="16.0" />
    <build:Item Name="VisualStudioEdition" Value="Microsoft Visual Studio Community 2019" />
    <build:Item Name="OperatingSystem" Version="10.0.22498.1000 (WinBuild.160101.0800)" />
    <build:Item Name="Microsoft.Build.AppxPackage.dll" Version="16.0.31727.243" />
    <build:Item Name="ProjectGUID" Value="{04B63D78-35FE-46A0-8B46-498244A74E45}" />
    <build:Item Name="OptimizingToolset" Value="None" />
    <build:Item Name="TargetRuntime" Value="Managed" />
    <build:Item Name="Microsoft.Windows.UI.Xaml.Build.Tasks.dll" Version="10.0.19041.685" />
    <build:Item Name="MakePri.exe" Version="10.0.19041.685 (WinBuild.160101.0800)" />
  </build:Metadata>
</Package>