﻿<?xml version="1.0" encoding="utf-8"?>
<Roots >
  <Roots.RootTypes>
    <RootType FullName="Windows.UI.Xaml.Application">
      <RootProperty Name="Resources" />
    </RootType>
    <RootType FullName="Microsoft.UI.Xaml.Controls.XamlControlsResources">
      <RootProperty Name="MergedDictionaries" />
    </RootType>
    <RootType FullName="Windows.UI.Xaml.Controls.Page">
      <RootProperty Name="Background" />
      <RootProperty Name="Content" />
    </RootType>
    <RootType FullName="Microsoft.Xaml.DirectUI.ProxyTypes.ThemeResourceExtension" />
    <RootType FullName="Windows.UI.Xaml.Controls.StackPanel">
      <RootProperty Name="Margin" />
      <RootProperty Name="Orientation" />
      <RootProperty Name="Spacing" />
      <RootProperty Name="Children" />
    </RootType>
    <RootType FullName="Windows.UI.Xaml.Controls.TextBlock">
      <RootProperty Name="Text" />
      <RootProperty Name="HorizontalAlignment" />
      <RootProperty Name="FontSize" />
    </RootType>
    <RootType FullName="Windows.UI.Xaml.Controls.AutoSuggestBox">
      <RootProperty Name="PlaceholderText" />
      <RootProperty Name="QueryIcon" />
    </RootType>
    <RootType FullName="Windows.UI.Xaml.Controls.Grid">
      <RootProperty Name="ColumnDefinitions" />
      <RootProperty Name="Children" />
      <RootMethod Name="GetColumn" />
      <RootMethod Name="SetColumn" />
    </RootType>
    <RootType FullName="Microsoft.UI.Xaml.Controls.Expander">
      <RootProperty Name="ExpandDirection" />
      <RootProperty Name="IsExpanded" />
      <RootProperty Name="Header" />
      <RootProperty Name="Width" />
    </RootType>
    <RootType FullName="Windows.UI.Xaml.Controls.Button">
      <RootProperty Name="Content" />
      <RootProperty Name="HorizontalAlignment" />
      <RootEvent Name="Click" />
    </RootType>
    <RootType FullName="Windows.UI.Xaml.Controls.ColumnDefinition" />
    <RootType FullName="Windows.UI.Xaml.Controls.CalendarView">
      <RootProperty Name="CornerRadius" />
      <RootProperty Name="RenderTransformOrigin" />
      <RootProperty Name="RenderTransform" />
    </RootType>
    <RootType FullName="Windows.UI.Xaml.Controls.DatePicker" />
    <RootType FullName="Windows.UI.Xaml.Media.CompositeTransform">
      <RootProperty Name="ScaleX" />
      <RootProperty Name="ScaleY" />
    </RootType>
    <RootType FullName="NegativeScreen.ViewPage" />
  </Roots.RootTypes>
</Roots>
